Id,Name,Age,Position,Position Rank,Team,Bye,Proj Pts,VoRepl,VoNext,Auction $,ADP,expertConsensus,expertNathanJahnke,season,playoff,all,Must Have,Watched,Avoid,FP/Dropback,FP/Dropback Rank,FP/Touch,FP/Touch Rank
pff-player-61398,Justin Jefferson,24.1,WR,1,MIN,13,261.6,151.60000000000002,6.700000000000017,48,1.45,1,1,4.102908782830791,2.664061325187703,3.961063298661693,false,false,false,,,2.28,27
pff-player-11824,Cooper Kupp,30.1,WR,2,LA,10,239.3,129.3,14.0,46,6.41,2,2,4.349352242023368,2.063556758808755,3.4942231252643365,false,false,false,,,1.98,64
pff-player-84270,Ja'Marr Chase,23.4,WR,3,CIN,7,254.9,144.9,15.599999999999994,41,2.98,3,3,3.7304089462954275,10.0,7.172131790429969,false,false,false,,,2.21,34
pff-player-11763,Christian McCaffrey,27.1,RB,1,SF,9,273.3,165.4,16.19999999999999,52,3.06,4,4,5.9924815821989394,7.856651725545976,6.150866050398292,false,false,false,,,0.94,117
pff-player-10799,Tyreek Hill,29.4,WR,4,MIA,10,225.3,115.30000000000001,11.0,36,6.45,5,5,1.4039324727300115,0.6772855345471107,1.729890472170907,false,false,false,,,2.24,31
pff-player-7844,Travis Kelce,33.8,TE,1,KC,10,218.6,125.8,50.19999999999999,40,4.69,6,6,6.97517847487928,4.860656636020746,5.413057442540619,false,false,false,,,2.33,21
pff-player-9579,Stefon Diggs,29.6,WR,5,BUF,13,214.3,104.30000000000001,4.700000000000017,33,9.49,7,7,0.0,0.7023321211786095,0.0,false,false,false,,,2.41,14
pff-player-61570,CeeDee Lamb,24.3,WR,6,DAL,7,204.6,94.6,5.299999999999983,31,12.32,8,8,3.107251847217136,3.733123767270179,3.762726390959352,false,false,false,,,2.12,43
pff-player-8688,Davante Adams,30.6,WR,7,LV,13,209.6,99.6,5.0,30,15.18,9,9,0.7698487352325534,4.858620947972661,2.9428618906731447,false,false,false,,,2.77,7
pff-player-12164,Austin Ekeler,28.2,RB,2,LAC,5,252.6,144.7,3.0999999999999943,47,5.48,10,10,2.9913269301691843,4.51226843265273,1.2981915331784593,false,false,false,,,1.04,115
pff-player-48327,A.J. Brown,26.0,WR,8,PHI,10,199.3,89.30000000000001,4.200000000000017,28,12.65,11,11,3.6690848553464224,4.610049937005856,4.461796948850498,false,false,false,,,2.95,4
pff-player-84470,Amon-Ra St. Brown,23.7,WR,9,DET,9,195.1,85.1,0.19999999999998863,27,15.38,12,12,5.527739842670786,9.221127750996086,6.920742571942475,false,false,false,,,1.87,78
pff-player-97405,Garrett Wilson,23.0,WR,10,NYJ,7,191.9,81.9,5.700000000000017,27,19.23,13,13,0.7389270092966703,2.195764174578082,0.9644484732602486,false,false,false,,,2.03,56
pff-player-84088,Jaylen Waddle,24.6,WR,11,MIA,10,186.2,76.19999999999999,1.8999999999999773,26,20.74,14,14,1.4039324727300115,0.6772855345471107,1.729890472170907,false,false,false,,,2.87,6
pff-player-123126,Bijan Robinson,21.5,RB,3,ATL,11,257.1,149.20000000000002,4.500000000000028,46,11.3,15,15,6.975796968144692,4.144510255012757,5.690419751457824,false,false,false,,,,
pff-player-45791,Saquon Barkley,26.4,RB,4,NYG,13,235.5,127.6,0.09999999999999432,45,14.53,16,16,1.6997601795811323,3.4308697540014483,0.5177641440543885,false,false,false,,,0.72,143
pff-player-61211,Tee Higgins,24.5,WR,12,CIN,7,194.9,84.9,3.0,24,26.75,17,17,3.7304089462954275,10.0,7.172131790429969,false,false,false,,,2.46,12
pff-player-40291,Jalen Hurts,24.9,QB,1,PHI,10,341.8,90.9,30.100000000000023,34,22.14,18,18,2.1210037183035446,2.5424680521748244,2.387289041761095,false,false,false,0.71,1,,
pff-player-45783,Nick Chubb,27.6,RB,5,CLV,5,235.6,127.69999999999999,0.09999999999999432,41,15.95,19,19,4.916635605577504,10.0,7.930839162963327,false,false,false,,,0.81,124
pff-player-11765,Patrick Mahomes,27.8,QB,2,KC,10,350.7,99.79999999999998,8.899999999999977,32,16.81,20,20,5.896402105594728,4.3574142061819625,3.717920909528119,false,false,false,0.58,6,,
pff-player-27126,Tony Pollard,26.2,RB,6,DAL,7,249.5,141.6,10.5,41,23.19,21,21,6.95397604013459,2.47694073734995,4.850904875409947,false,false,false,,,0.99,116
pff-player-57488,Jonathan Taylor,24.5,RB,7,IND,11,236.3,128.4,0.700000000000017,40,15.08,22,22,5.630492739627587,4.705534494605358,5.834165728509922,false,false,false,,,0.63,159
pff-player-61100,DeVonta Smith,24.7,WR,13,PHI,10,166.4,56.400000000000006,3.5999999999999943,23,26.04,23,23,3.6690848553464224,4.610049937005856,4.461796948850498,false,false,false,,,2.2,37
pff-player-84355,Chris Olave,23.1,WR,14,NO,11,184.3,74.30000000000001,1.6000000000000227,23,26.93,24,24,10.0,8.72022700492513,10.0,false,false,false,,,2.28,27
pff-player-10679,Derrick Henry,29.0,RB,8,TEN,7,239.0,131.1,2.6999999999999886,40,18.88,25,25,6.501069045355591,4.7093384506489135,6.390106210274821,false,false,false,,,0.75,136
pff-player-46601,Josh Allen,27.2,QB,3,BUF,13,359.5,108.6,8.800000000000011,29,22.09,26,26,3.845493451976419,0.0,1.6110596665210535,false,false,false,0.63,4,,
pff-player-47864,D.K. Metcalf,25.6,WR,15,SEA,5,161.1,51.099999999999994,3.5,19,32.42,27,27,4.223738172807854,4.057503561419673,4.561261843582999,false,false,false,,,2.06,50
pff-player-48274,Deebo Samuel,27.5,WR,16,SF,9,182.7,72.69999999999999,13.299999999999983,18,41.36,28,28,5.0102914321157845,5.8133700227788365,5.514137352449816,false,false,false,,,1.47,107
pff-player-45953,Josh Jacobs,25.4,RB,9,LV,13,230.1,122.19999999999999,7.699999999999989,40,28.05,29,29,5.2492280285687904,6.240594361876769,4.361891645025407,false,false,false,,,0.77,130
pff-player-7857,Keenan Allen,31.2,WR,17,LAC,5,168.2,58.19999999999999,0.19999999999998863,18,37.1,30,30,3.881508309373344,4.0737474985355675,4.467060087535381,false,false,false,,,2.02,58
pff-player-97636,Breece Hall,22.1,RB,10,NYJ,7,235.4,127.5,5.300000000000011,39,43.21,31,31,3.6615259703308256,6.092035143761939,5.481132209074872,false,false,false,,,1.09,
pff-player-47436,Mark Andrews,26.9,TE,2,BLT,13,168.4,75.60000000000001,20.30000000000001,24,29.11,32,32,4.907998186454589,7.226720436586347,6.962795001699661,false,false,false,,,2.0,61
pff-player-98689,Rhamondre Stevenson,25.4,RB,11,NE,11,221.4,113.5,5.800000000000011,36,29.41,33,33,0.8337409337821098,7.48253319904256,2.2962211493519367,false,false,false,,,0.78,126
pff-player-46416,Lamar Jackson,26.5,QB,4,BLT,13,304.9,53.99999999999997,13.699999999999989,19,40.81,34,34,3.916821494392935,7.05580409902165,5.205763294808453,false,false,false,0.65,3,,
pff-player-9437,Amari Cooper,29.1,WR,18,CLV,5,155.4,45.400000000000006,1.200000000000017,18,42.08,35,35,6.484072257183707,7.0880438671117005,7.492527612107289,false,false,false,,,2.68,9
pff-player-11803,Joe Mixon,27.0,RB,12,CIN,7,222.4,114.5,1.0,36,40.89,36,36,7.970295324825489,4.605081943215615,6.973633243814575,false,false,false,,,0.78,126
pff-player-61103,Jerry Jeudy,24.2,WR,19,DEN,9,154.2,44.19999999999999,1.3999999999999773,18,65.17,37,37,0.7860465195098499,1.6799752337989593,0.8327598881152104,false,false,false,,,2.41,14
pff-player-48262,Calvin Ridley,28.6,WR,20,JAX,9,134.5,24.5,3.9000000000000057,18,49.53,38,38,5.774137124119907,3.008791143753193,4.967827575161238,false,false,false,,,,
pff-player-28022,Joe Burrow,26.6,QB,5,CIN,7,311.7,60.79999999999998,6.800000000000011,17,35.39,39,39,3.6549342184917744,8.597847476446686,6.512104414201113,false,false,false,0.54,8,,
pff-player-57121,Najee Harris,25.4,RB,13,PIT,6,215.4,107.5,6.099999999999994,34,28.21,40,40,7.127736395312717,3.5127749493032754,6.67418205678316,false,false,false,,,0.66,157
pff-player-122474,Jahmyr Gibbs,21.3,RB,14,DET,9,180.2,72.29999999999998,2.0999999999999943,34,43.24,41,41,10.0,3.565644854169191,8.180832566768093,false,false,false,,,,
pff-player-57185,Travis Etienne Jr.,24.5,RB,15,JAX,9,209.3,101.4,13.5,32,40.64,42,42,4.779310561030844,4.545099314734685,4.1236523875737525,false,false,false,,,0.75,136
pff-player-48267,DJ Moore,26.3,WR,21,CHI,13,123.3,13.299999999999997,1.5,17,999,43,43,2.3087376232543675,1.723218096643902,2.3727666944867782,false,false,false,,,2.3,25
pff-player-11937,Aaron Jones,28.6,RB,16,GB,6,215.6,107.69999999999999,0.19999999999998863,28,59.59,44,44,9.92857541006845,6.222183676164191,10.0,false,false,false,,,0.82,122
pff-player-66581,Christian Watson,24.2,WR,22,GB,6,148.1,38.099999999999994,0.09999999999999432,16,85.97,45,45,6.339883323571921,6.729194540756663,7.199408768478791,false,false,false,,,2.99,3
pff-player-82118,Justin Fields,24.4,QB,6,CHI,13,260.2,9.299999999999983,0.5999999999999659,13,49.99,46,46,3.808656250394999,2.896291502602641,2.5820037611514532,false,false,false,0.7,2,,
pff-player-48229,Terry McLaurin,27.8,WR,23,WAS,14,169.4,59.400000000000006,1.0,15,76.53,47,47,5.925137871908602,3.7030532239891527,5.7148209046245,false,false,false,,,2.27,29
pff-player-28237,Justin Herbert,25.4,QB,7,LAC,5,291.2,40.29999999999998,2.3999999999999773,12,46.85,48,48,2.9562879425376654,5.1260803097994305,2.537086341461854,false,false,false,0.39,25,,
pff-player-11901,George Kittle,29.8,TE,3,SF,9,134.7,41.89999999999999,0.09999999999999432,17,56.16,49,49,3.0948885816767517,4.38378630745483,3.264368689563688,false,false,false,,,2.88,5
pff-player-45817,Alexander Mattison,25.1,RB,17,MIN,13,188.8,80.9,2.6000000000000227,26,106.77,50,50,7.101386457492058,7.150982979729853,7.801996814960516,false,false,false,,,0.91,
pff-player-40912,T.J. Hockenson,26.0,TE,4,MIN,13,148.1,55.3,13.400000000000006,13,39.89,51,51,0.17387173644557805,7.143329429397628,3.2422251221924925,false,false,false,,,1.98,64
pff-player-40555,Miles Sanders,26.2,RB,18,CAR,7,195.8,87.9,6.400000000000006,26,101.79,52,52,3.733223443665627,6.154544828215891,3.917825606314703,false,false,false,,,0.76,133
pff-player-84109,Brandon Aiyuk,25.3,WR,24,SF,9,142.8,32.80000000000001,2.5,14,104.55,53,53,5.0102914321157845,5.8133700227788365,5.514137352449816,false,false,false,,,2.39,16
pff-player-86519,Drake London,22.0,WR,25,ATL,11,151.9,41.900000000000006,3.0,14,96.32,54,54,4.378030271993832,8.01074200937573,5.340376269303545,false,false,false,,,2.04,52
pff-player-57206,Cam Akers,24.1,RB,19,LA,10,185.5,77.6,1.0999999999999943,25,95.97,55,55,3.9077150859002368,2.8992225995556375,2.223475801741646,false,false,false,,,0.69,148
pff-player-7808,DeAndre Hopkins,31.1,WR,26,TEN,7,148.9,38.900000000000006,0.8000000000000114,14,58.71,56,56,5.651343801027484,6.553001209089166,5.274067380154488,false,false,false,,,1.9,75
pff-player-97199,Kenneth Walker III,22.7,RB,20,SEA,5,186.2,78.29999999999998,0.6999999999999886,25,54.62,57,57,7.267694969597773,1.3496605357230598,4.772338343517196,false,false,false,,,0.74,139
pff-player-77632,Trevor Lawrence,23.8,QB,8,JAX,9,255.0,4.099999999999994,1.0,8,73.68,58,58,4.152542325608036,0.8888076165700188,1.497196597786241,false,false,false,0.5,11,,
pff-player-83659,Dameon Pierce,23.4,RB,21,HST,7,189.4,81.5,0.5999999999999943,24,99.92,59,59,6.810177095162878,2.5292945859020213,4.772471484339176,false,false,false,,,0.62,160
pff-player-9637,Darren Waller,30.8,TE,5,NYG,13,134.6,41.8,6.699999999999989,13,74.19,60,60,1.0736571342271628,2.1591916539338225,0.8362356721481952,false,false,false,,,2.53,
pff-player-33441,Diontae Johnson,27.0,WR,27,PIT,6,168.4,58.400000000000006,0.20000000000001705,13,103.26,61,61,1.9590312770799025,9.499356502489402,5.49027319125541,false,false,false,,,1.44,109
pff-player-11839,Chris Godwin,27.4,WR,28,TB,5,129.7,19.69999999999999,0.5,12,100.23,62,62,7.904262357666644,7.0880722459750665,8.170784865429772,false,false,false,,,1.61,101
pff-player-11762,Mike Williams,28.8,WR,29,LAC,5,157.6,47.599999999999994,2.1999999999999886,12,95.75,63,63,3.881508309373344,4.0737474985355675,4.467060087535381,false,false,false,,,2.3,25
pff-player-9502,Tyler Lockett,30.8,WR,30,SEA,5,162.8,52.80000000000001,1.700000000000017,12,107.27,64,64,4.223738172807854,4.057503561419673,4.561261843582999,false,false,false,,,2.37,17
pff-player-11860,James Conner,28.2,RB,22,ARZ,14,184.4,76.5,4.200000000000017,23,114.83,65,65,6.133106965104109,6.116715950443816,6.7762108729602035,false,false,false,,,0.78,126
pff-player-47546,Christian Kirk,26.7,WR,31,JAX,9,168.0,58.0,1.5,11,102.51,66,66,5.774137124119907,3.008791143753193,4.967827575161238,false,false,false,,,2.27,29
pff-player-131633,Rachaad White,24.5,RB,23,TB,5,169.0,61.099999999999994,3.0,22,99.86,67,67,5.639272971191247,7.443197482107234,5.802211970538017,false,false,false,,,0.67,155
pff-player-8642,Mike Evans,29.9,WR,32,TB,5,166.5,56.5,0.09999999999999432,10,110.89,68,68,7.904262357666644,7.0880722459750665,8.170784865429772,false,false,false,,,2.44,13
pff-player-57366,J.K. Dobbins,24.6,RB,24,BLT,13,178.1,70.19999999999999,1.799999999999983,22,97.93,69,69,8.556029336177396,6.869224524529496,9.154644002858847,false,false,false,,,0.78,126
pff-player-29049,Michael Pittman Jr.,25.8,WR,33,IND,11,140.3,30.30000000000001,0.5,10,103.9,70,70,6.30720557270664,6.190599386990812,6.764242021682129,false,false,false,,,1.66,97
pff-player-83964,Kyle Pitts,22.8,TE,6,ATL,11,127.9,35.10000000000001,0.5,11,78.24,71,71,6.086877391423147,6.531942647442196,7.82800768429195,false,false,false,,,2.12,
pff-player-61568,Marquise Brown,26.1,WR,34,ARZ,14,130.6,20.599999999999994,0.9000000000000057,9,113.36,72,72,2.7462156278154444,6.834225462952147,4.440140168650018,false,false,false,,,1.8,86
pff-player-84375,Jahan Dotson,23.3,WR,35,WAS,14,129.2,19.19999999999999,1.1999999999999886,9,120.77,73,73,5.925137871908602,3.7030532239891527,5.7148209046245,false,false,false,,,3.0,2
pff-player-45719,David Montgomery,26.1,RB,25,DET,9,165.0,57.099999999999994,0.30000000000001137,19,115.81,74,74,10.0,3.565644854169191,8.180832566768093,false,false,false,,,0.7,147
pff-player-47272,Dallas Goedert,28.5,TE,7,PHI,10,127.4,34.60000000000001,5.300000000000011,11,67.93,75,75,0.0,2.38965405753058,1.108925532220209,false,false,false,,,2.1,46
pff-player-77803,Javonte Williams,23.2,RB,26,DEN,9,164.7,56.79999999999998,3.5,18,77.48,76,76,2.4631064942723584,9.476100121574895,5.067750628556322,false,false,false,,,0.57,
pff-player-123000,Jordan Addison,21.5,WR,36,MIN,13,125.6,15.599999999999994,0.09999999999999432,9,127.55,77,77,4.102908782830791,2.664061325187703,3.961063298661693,false,false,false,,,,
pff-player-10681,Michael Thomas,30.4,WR,37,NO,11,139.8,29.80000000000001,1.8000000000000114,8,142.04,78,78,10.0,8.72022700492513,10.0,false,false,false,,,2.69,
pff-player-83747,Isiah Pacheco,23.4,RB,27,KC,10,166.0,58.099999999999994,1.0,18,116.08,79,79,6.801594151730272,4.615903011488948,5.145778324189823,false,false,false,,,0.72,143
pff-player-57212,D'Andre Swift,24.5,RB,28,PHI,10,161.2,53.29999999999998,7.799999999999983,18,107.14,80,80,0.0,3.492159344115379,0.0,false,false,false,,,1.12,114
pff-player-39395,Daniel Jones,26.1,QB,9,NYG,13,288.8,37.900000000000006,12.699999999999989,7,132.29,81,81,0.7973547891003129,1.0217868209404404,0.17001941392612618,false,false,false,0.52,10,,
pff-player-83666,James Cook,23.8,RB,29,BUF,13,176.3,68.4,7.300000000000011,17,116.82,82,82,3.218474389382502,4.5764207510287545,2.6024538942725157,false,false,false,,,0.88,119
pff-player-129758,Jaxon Smith-Njigba,21.4,WR,38,SEA,5,104.8,-5.200000000000003,0.0,7,121.52,83,83,4.223738172807854,4.057503561419673,4.561261843582999,false,false,false,,,,
pff-player-99229,George Pickens,22.4,WR,39,PIT,6,152.8,42.80000000000001,0.9000000000000057,6,116.82,84,84,1.9590312770799025,9.499356502489402,5.49027319125541,false,false,false,,,2.52,11
pff-player-11822,Alvin Kamara,28.0,RB,30,NO,11,149.7,41.79999999999998,3.1999999999999886,14,122.76,85,85,6.278910289825363,8.74211135449965,8.263487601107105,false,false,false,,,0.68,153
pff-player-7102,Kirk Cousins,34.9,QB,10,MIN,13,272.7,21.799999999999983,7.300000000000011,5,126.84,86,86,0.0,5.938677384154442,2.167281906435206,false,false,false,0.44,18,,
pff-player-55410,Gabe Davis,24.3,WR,40,BUF,13,125.5,15.5,0.7000000000000028,6,999,87,87,0.0,0.7023321211786095,0.0,false,false,false,,,3.11,1
pff-player-7820,Geno Smith,32.8,QB,11,SEA,5,246.0,-4.900000000000006,4.5,3,136.16,88,88,5.8417288904216145,1.3572247082266657,3.7760425037114005,false,false,false,0.5,11,,
pff-player-57165,AJ Dillon,25.2,RB,31,GB,6,153.4,45.5,3.700000000000017,13,999,89,89,9.92857541006845,6.222183676164191,10.0,false,false,false,,,0.72,143
pff-player-10769,Dak Prescott,30.0,QB,12,DAL,7,276.1,25.200000000000017,3.400000000000034,3,119.92,90,90,5.718388579171508,3.2360979936917684,4.32494612598664,false,false,false,0.5,11,,
pff-player-41668,Khalil Herbert,25.2,RB,32,CHI,13,130.6,22.69999999999999,2.299999999999983,12,141.42,91,91,6.743029788139761,9.087558923864822,7.673445984408586,false,false,false,,,0.82,122
pff-player-60326,Tua Tagovailoa,25.4,QB,13,MIA,10,249.0,-1.9000000000000057,3.0,1,116.7,92,92,4.588837814774119,1.978515975711598,3.0982202625794426,false,false,false,0.56,7,,
pff-player-8655,Brandin Cooks,29.8,WR,41,DAL,7,124.8,14.799999999999997,0.20000000000000284,6,126.19,93,93,3.107251847217136,3.733123767270179,3.762726390959352,false,false,false,,,2.01,59
pff-player-99218,Treylon Burks,23.3,WR,42,TEN,7,124.6,14.599999999999994,1.2999999999999972,5,125.1,94,94,5.651343801027484,6.553001209089166,5.274067380154488,false,false,false,,,2.1,46
pff-player-78050,Antonio Gibson,25.1,RB,33,WAS,14,137.6,29.69999999999999,1.6999999999999886,10,131.52,95,95,5.983344295614846,2.5456682545410896,4.377827172559789,false,false,false,,,0.73,140
pff-player-11767,Deshaun Watson,27.8,QB,14,CLV,5,235.0,-15.900000000000006,0.9000000000000057,1,107.13,96,96,4.102470014371172,7.980152412880715,6.4436699185663295,false,false,false,0.44,18,,
pff-player-27414,Rashaad Penny,27.5,RB,34,PHI,10,146.5,38.599999999999994,5.900000000000006,9,144.32,97,97,0.0,3.492159344115379,0.0,false,false,false,,,0.82,
pff-player-48164,Courtland Sutton,27.8,WR,43,DEN,9,128.0,18.0,2.4000000000000057,5,126.32,98,98,0.7860465195098499,1.6799752337989593,0.8327598881152104,false,false,false,,,1.96,66
pff-player-11778,Evan Engram,28.9,TE,8,JAX,9,122.1,29.299999999999997,2.299999999999997,9,100.9,99,99,2.531839401953871,1.1057395476171146,0.5249557740442562,false,false,false,,,1.85,83
pff-player-84085,Pat Freiermuth,24.7,TE,9,PIT,6,119.8,27.0,9.200000000000003,9,132.65,100,100,4.91853163334215,5.1762948555348665,6.598444894358871,false,false,false,,,1.85,83
pff-player-11784,David Njoku,27.0,TE,10,CLV,5,96.5,3.700000000000003,3.700000000000003,6,135.69,101,101,3.2390084307588483,8.929548478427572,7.771808474512069,false,false,false,,,1.92,72
pff-player-11869,Samaje Perine,27.8,RB,35,DEN,9,132.7,24.799999999999983,2.0999999999999943,9,142.73,102,102,2.4631064942723584,9.476100121574895,5.067750628556322,false,false,false,,,0.93,118
pff-player-47468,Jakobi Meyers,26.7,WR,44,LV,13,138.0,28.0,1.0,5,154.88,103,103,0.7698487352325534,4.858620947972661,2.9428618906731447,false,false,false,,,2.16,40
pff-player-11817,JuJu Smith-Schuster,26.7,WR,45,NE,11,144.5,34.5,1.6999999999999886,5,147.88,104,104,1.811345952479316,0.7258796808205913,1.1390075293675583,false,false,false,,,1.93,71
pff-player-84302,Elijah Moore,23.3,WR,46,CLV,5,98.8,-11.200000000000003,1.7000000000000028,4,137.8,105,105,6.484072257183707,7.0880438671117005,7.492527612107289,false,false,false,,,1.66,97
pff-player-57120,Brian Robinson,24.3,RB,36,WAS,14,140.6,32.69999999999999,3.0,8,134.81,106,106,5.983344295614846,2.5456682545410896,4.377827172559789,false,false,false,,,0.51,163
pff-player-124393,Anthony Richardson,21.2,QB,15,IND,11,254.0,3.0999999999999943,2.5999999999999943,0,136.25,107,107,6.414955688299027,4.632228147314981,5.434183082209368,false,false,false,,,,
pff-player-61245,Kadarius Toney,24.5,WR,47,KC,10,148.0,38.0,3.5,4,129.97,108,108,1.655958111275446,3.7033302733910607,2.5355380819731193,false,false,false,,,2.23,
pff-player-48135,Allen Lazard,27.6,WR,48,NYJ,7,114.4,4.400000000000006,1.8000000000000114,2,159.37,109,109,0.7389270092966703,2.195764174578082,0.9644484732602486,false,false,false,,,2.34,20
pff-player-97268,Zay Flowers,22.8,WR,49,BLT,13,93.5,-16.5,1.7999999999999972,1,145.81,110,110,2.4215307857260813,6.628011094037438,4.058586290788708,false,false,false,,,,
pff-player-11889,Jamaal Williams,28.3,RB,37,NO,11,135.9,28.0,3.200000000000017,7,143.78,111,111,6.278910289825363,8.74211135449965,8.263487601107105,false,false,false,,,0.81,124
pff-player-11796,Dalvin Cook,27.9,RB,38,MIN,13,0.0,-107.9,0.0,6,85.86,112,112,7.101386457492058,7.150982979729853,7.801996814960516,false,false,false,,,0.75,136
pff-player-8647,Odell Beckham Jr.,30.7,WR,50,BLT,13,97.1,-12.900000000000006,1.3999999999999915,1,162.06,113,113,2.4215307857260813,6.628011094037438,4.058586290788708,false,false,false,,,,
pff-player-97630,Zach Charbonnet,22.5,RB,39,SEA,5,102.9,-5.0,0.4000000000000057,6,143.98,114,114,7.267694969597773,1.3496605357230598,4.772338343517196,false,false,false,,,,
pff-player-124305,De'Von Achane,21.8,RB,40,MIA,10,105.1,-2.8000000000000114,0.5,5,154.37,115,115,5.853918543963172,0.0,2.813739412231876,false,false,false,,,,
pff-player-35134,Damien Harris,26.4,RB,41,BUF,13,104.6,-3.3000000000000114,0.6999999999999886,3,152.53,116,116,3.218474389382502,4.5764207510287545,2.6024538942725157,false,false,false,,,0.67,155
pff-player-62890,Rondale Moore,23.1,WR,51,ARZ,14,107.8,-2.200000000000003,0.29999999999999716,1,167.83,117,117,2.7462156278154444,6.834225462952147,4.440140168650018,false,false,false,,,1.43,110
pff-player-123085,Quentin Johnston,21.9,WR,52,LAC,5,106.8,-3.200000000000003,0.5,0,139.7,118,118,3.881508309373344,4.0737474985355675,4.467060087535381,false,false,false,,,,
pff-player-8731,Jerick McKinnon,31.2,RB,42,KC,10,114.9,7.0,6.6000000000000085,2,154.09,119,119,6.801594151730272,4.615903011488948,5.145778324189823,false,false,false,,,1.31,112
pff-player-40485,Devin Singletary,25.9,RB,43,HST,7,128.3,20.400000000000006,0.700000000000017,0,172.79,120,120,6.810177095162878,2.5292945859020213,4.772471484339176,false,false,false,,,0.77,130
pff-player-57272,Elijah Mitchell,25.4,RB,44,SF,9,94.4,-13.5,1.2000000000000028,0,155.97,121,121,5.9924815821989394,7.856651725545976,6.150866050398292,false,false,false,,,0.88,
pff-player-11792,Zay Jones,28.3,WR,53,JAX,9,110.0,0.0,0.4000000000000057,0,168.34,122,122,5.774137124119907,3.008791143753193,4.967827575161238,false,false,false,,,1.8,86
pff-player-10689,Tyler Boyd,28.7,WR,54,CIN,7,121.8,11.799999999999997,6.599999999999994,0,159.49,123,123,3.7304089462954275,10.0,7.172131790429969,false,false,false,,,2.33,21
pff-player-84296,Rashod Bateman,23.6,WR,55,BLT,13,112.6,2.5999999999999943,0.19999999999998863,0,143.88,124,124,2.4215307857260813,6.628011094037438,4.058586290788708,false,false,false,,,3.2,
pff-player-98692,Jaylen Warren,24.7,RB,45,PIT,6,107.9,0.0,2.8000000000000114,0,179.98,125,125,7.127736395312717,3.5127749493032754,6.67418205678316,false,false,false,,,0.76,
pff-player-61441,Nico Collins,24.3,WR,56,HST,7,115.2,5.200000000000003,0.7999999999999972,0,163.53,126,126,8.819442551463274,0.0,5.902619152325331,false,false,false,,,2.12,43
pff-player-9783,Raheem Mostert,31.3,RB,46,MIA,10,127.6,19.69999999999999,4.799999999999997,0,179.77,127,127,5.853918543963172,0.0,2.813739412231876,false,false,false,,,0.73,140
pff-player-7077,Russell Wilson,34.6,QB,16,DEN,9,250.4,-0.5,0.9000000000000057,0,146.1,128,128,0.7805540970524,4.120733160191547,1.9060902058812532,false,false,false,0.42,24,,
pff-player-47702,DJ Chark Jr.,26.8,WR,57,CAR,7,137.0,27.0,2.5,0,999,129,129,8.573270928472038,5.073020459559431,7.756468036131916,false,false,false,,,2.77,
pff-player-2241,Aaron Rodgers,39.6,QB,17,NYJ,7,259.6,8.700000000000017,4.600000000000023,0,141.92,130,130,1.68443397426181,5.503444583946976,3.3690326988834673,false,false,false,0.43,22,,
pff-player-84329,Romeo Doubs,23.3,WR,58,GB,6,82.6,-27.400000000000006,0.29999999999999716,0,162.48,131,131,6.339883323571921,6.729194540756663,7.199408768478791,false,false,false,,,1.92,72
pff-player-47304,Dalton Schultz,27.0,TE,11,HST,7,104.4,11.600000000000009,2.5,4,144.73,132,132,7.16496420217847,2.51567718685973,5.040976937623535,false,false,false,,,2.04,52
pff-player-26075,Michael Gallup,27.4,WR,59,DAL,7,106.3,-3.700000000000003,1.0,0,181.4,133,133,3.107251847217136,3.733123767270179,3.762726390959352,false,false,false,,,2.2,37
pff-player-10635,Jared Goff,28.8,QB,18,DET,9,234.1,-16.80000000000001,7.099999999999994,0,140.94,134,134,5.352984937754713,3.7569435831648312,4.309527863270463,false,false,false,0.47,14,,
pff-player-84000,Chigoziem Okonkwo,23.9,TE,12,TEN,7,89.8,-3.0,1.2999999999999972,3,149.05,135,135,4.2129976581387405,7.360211153277323,5.540957237872894,false,false,false,,,2.26,
pff-player-48236,Darnell Mooney,25.7,WR,60,CHI,13,91.7,-18.299999999999997,1.6000000000000085,0,158.75,136,136,2.3087376232543675,1.723218096643902,2.3727666944867782,false,false,false,,,1.99,62
pff-player-83639,Tyler Allgeier,23.3,RB,47,ATL,11,65.5,-42.400000000000006,0.09999999999999432,0,158.56,137,137,6.975796968144692,4.144510255012757,5.690419751457824,false,false,false,,,0.66,157
pff-player-29413,Jeff Wilson Jr.,27.7,RB,48,MIA,10,108.3,0.3999999999999915,0.3999999999999915,0,184.06,138,138,5.853918543963172,0.0,2.813739412231876,false,false,false,,,0.77,130
pff-player-97116,Skyy Moore,22.9,WR,61,KC,10,95.1,-14.900000000000006,1.5999999999999943,0,141.25,139,139,1.655958111275446,3.7033302733910607,2.5355380819731193,false,false,false,,,1.54,
pff-player-8671,Derek Carr,32.3,QB,19,NO,11,250.5,-0.4000000000000057,0.09999999999999432,0,156.46,140,140,10.0,10.0,10.0,false,false,false,0.43,22,,
pff-player-57373,Chuba Hubbard,24.1,RB,49,CAR,7,96.7,-11.200000000000003,2.299999999999997,0,199.87,141,141,3.733223443665627,6.154544828215891,3.917825606314703,false,false,false,,,0.76,133
pff-player-91791,Dalton Kincaid,23.8,TE,13,BUF,13,99.0,6.200000000000003,2.299999999999997,2,175.07,142,142,4.729609069332207,0.880429062194016,2.9047943967651992,false,false,false,,,,
pff-player-78171,Jayden Reed,23.2,WR,62,GB,6,89.2,-20.799999999999997,1.0,0,211.35,143,143,6.339883323571921,6.729194540756663,7.199408768478791,false,false,false,,,,
pff-player-101701,Jameson Williams,22.3,WR,63,DET,9,63.4,-46.6,3.6000000000000014,0,140.96,144,144,5.527739842670786,9.221127750996086,6.920742571942475,false,false,false,,,7.3,
pff-player-83601,Jerome Ford,23.8,RB,50,CLV,5,102.5,-5.400000000000006,5.799999999999997,0,194.37,145,145,4.916635605577504,10.0,7.930839162963327,false,false,false,,,0.15,
pff-player-8288,Adam Thielen,32.9,WR,64,CAR,7,105.3,-4.700000000000003,0.5,0,165.02,146,146,8.573270928472038,5.073020459559431,7.756468036131916,false,false,false,,,2.01,59
pff-player-84068,Greg Dulcich,23.3,TE,14,DEN,9,92.8,0.0,0.7000000000000028,2,158.89,147,147,0.7178826920418434,6.010420523798654,3.4256942322624493,false,false,false,,,2.11,45
pff-player-97774,Jonathan Mingo,22.2,WR,65,CAR,7,65.5,-44.5,0.0,0,201.78,148,148,8.573270928472038,5.073020459559431,7.756468036131916,false,false,false,,,,
pff-player-4924,Matthew Stafford,35.4,QB,20,LA,10,251.4,0.5,0.5,0,160.94,149,149,0.7488317622210092,1.3610119889540724,0.0,false,false,false,0.36,31,,
pff-player-46027,Gus Edwards,28.3,RB,51,BLT,13,86.0,-21.900000000000006,3.0,0,213.2,150,150,8.556029336177396,6.869224524529496,9.154644002858847,false,false,false,,,0.7,
pff-player-47447,Van Jefferson,27.0,WR,66,LA,10,107.5,-2.5,0.7000000000000028,0,197.97,151,151,4.349352242023368,2.063556758808755,3.4942231252643365,false,false,false,,,2.79,
pff-player-10744,Tyler Higbee,30.5,TE,15,LA,10,110.6,17.799999999999997,6.199999999999989,2,161.43,152,152,0.18536111616225465,2.302277322882128,0.0,false,false,false,,,1.61,101
pff-player-123974,Tank Bigsby,21.9,RB,52,JAX,9,83.0,-24.900000000000006,3.299999999999997,0,175.62,153,153,4.779310561030844,4.545099314734685,4.1236523875737525,false,false,false,,,,
pff-player-99467,Roschon Johnson,22.5,RB,53,CHI,13,54.9,-53.00000000000001,3.0,0,180.06,154,154,6.743029788139761,9.087558923864822,7.673445984408586,false,false,false,,,,
pff-player-97195,Tyjae Spears,22.1,RB,54,TEN,7,116.6,8.699999999999989,1.6999999999999886,0,192.81,155,155,6.501069045355591,4.7093384506489135,6.390106210274821,false,false,false,,,,
pff-player-23503,K.J. Osborn,26.1,WR,67,MIN,13,112.4,2.4000000000000057,2.4000000000000057,0,174.76,156,156,4.102908782830791,2.664061325187703,3.961063298661693,false,false,false,,,1.99,62
pff-player-11795,Curtis Samuel,26.9,WR,68,WAS,14,98.9,-11.099999999999994,0.10000000000000853,0,202.32,157,157,5.925137871908602,3.7030532239891527,5.7148209046245,false,false,false,,,1.43,110
pff-player-11844,D'Onta Foreman,27.2,RB,55,CHI,13,76.1,-31.80000000000001,2.0999999999999943,0,171.99,158,158,6.743029788139761,9.087558923864822,7.673445984408586,false,false,false,,,0.61,161
pff-player-60995,Cole Kmet,24.4,TE,16,CHI,13,96.7,3.9000000000000057,0.20000000000000284,1,161.95,159,159,4.933281771649464,4.545366493436376,4.476050365182297,false,false,false,,,2.35,19
pff-player-11799,Gerald Everett,29.1,TE,17,LAC,5,92.1,-0.7000000000000028,2.299999999999997,1,176.1,160,160,1.5478563567307735,5.534684144414642,2.014014447833907,false,false,false,,,1.84,85
pff-player-13750,Joshua Kelley,25.7,RB,56,LAC,5,87.9,-20.0,1.9000000000000057,0,238.21,161,161,2.9913269301691843,4.51226843265273,1.2981915331784593,false,false,false,,,0.7,
pff-player-83665,Zamir White,23.8,RB,57,LV,13,93.2,-14.700000000000003,5.299999999999997,0,210.86,162,162,5.2492280285687904,6.240594361876769,4.361891645025407,false,false,false,,,0.41,
pff-player-63707,Rashid Shaheed,24.9,WR,69,NO,11,84.1,-25.900000000000006,0.29999999999999716,0,188.1,163,163,10.0,8.72022700492513,10.0,false,false,false,,,2.7,
pff-player-7810,Cordarrelle Patterson,32.3,RB,58,ATL,11,40.2,-67.7,0.4000000000000057,0,209.81,164,164,6.975796968144692,4.144510255012757,5.690419751457824,false,false,false,,,0.85,120
pff-player-77737,Kenneth Gainwell,24.3,RB,59,PHI,10,39.8,-68.10000000000001,1.5999999999999943,0,179.98,165,165,0.0,3.492159344115379,0.0,false,false,false,,,1.01,
pff-player-57337,Michael Carter,24.2,RB,60,NYJ,7,44.7,-63.2,1.9000000000000057,0,223.47,166,166,3.6615259703308256,6.092035143761939,5.481132209074872,false,false,false,,,0.69,148
pff-player-123091,Kendre Miller,21.1,RB,61,NO,11,62.0,-45.900000000000006,5.5,0,175.0,167,167,6.278910289825363,8.74211135449965,8.263487601107105,false,false,false,,,,
pff-player-52130,Isaiah Hodgins,24.7,WR,70,NYG,13,100.8,-9.200000000000003,1.0999999999999943,0,218.08,168,168,1.2051834666364916,2.6563233388472436,1.627606630822489,false,false,false,,,2.21,34
pff-player-77672,Brock Purdy,23.6,QB,21,SF,9,249.5,-1.4000000000000057,0.5,0,191.77,169,169,4.693373722142107,4.093026211575585,4.060926951266135,false,false,false,0.59,,,
pff-player-60515,Kenny Pickett,25.1,QB,22,PIT,6,265.4,14.499999999999972,5.199999999999989,0,168.71,170,170,4.852444608648189,5.449529416318696,5.877117686280414,false,false,false,0.35,33,,
pff-player-97605,Rashee Rice,23.2,WR,71,KC,10,66.2,-43.8,0.7000000000000028,0,189.11,171,171,1.655958111275446,3.7033302733910607,2.5355380819731193,false,false,false,,,,
pff-player-40306,Jordan Love,24.7,QB,23,GB,6,239.3,-11.599999999999994,2.3000000000000114,0,168.41,172,172,9.534985046370911,5.249729746131098,7.493229372406764,false,false,false,0.56,,,
pff-player-9447,DeVante Parker,30.5,WR,72,NE,11,109.6,-0.4000000000000057,1.7999999999999972,0,233.73,173,173,1.811345952479316,0.7258796808205913,1.1390075293675583,false,false,false,,,2.82,
pff-player-123943,Bryce Young,22.0,QB,24,CAR,7,235.0,-15.900000000000006,0.0,0,178.27,174,174,6.923803776418338,2.609991820618618,4.494433245996924,false,false,false,,,,
pff-player-61439,Donovan Peoples-Jones,24.4,WR,73,CLV,5,81.3,-28.700000000000003,0.7000000000000028,0,178.99,175,175,6.484072257183707,7.0880438671117005,7.492527612107289,false,false,false,,,2.14,42
pff-player-101690,Sam LaPorta,22.5,TE,18,DET,9,88.5,-4.299999999999997,2.9000000000000057,0,189.09,176,176,4.854361355541439,3.638331583538161,4.668057551484743,false,false,false,,,,
pff-player-42060,Irv Smith Jr.,24.9,TE,19,CIN,7,80.4,-12.399999999999991,2.0,0,189.52,177,177,3.099908333813244,7.467571081436873,6.1808373276805675,false,false,false,,,1.71,
pff-player-28305,Juwan Johnson,26.8,TE,20,NO,11,101.9,9.100000000000009,1.9000000000000057,0,177.08,178,178,6.424447963798199,10.0,10.0,false,false,false,,,2.71,8
pff-player-122937,Marvin Mims Jr.,21.3,WR,74,DEN,9,65.0,-45.0,0.7999999999999972,0,222.86,179,179,0.7860465195098499,1.6799752337989593,0.8327598881152104,false,false,false,,,,
pff-player-78038,Alec Pierce,23.2,WR,75,IND,11,99.7,-10.299999999999997,0.20000000000000284,0,185.14,180,180,6.30720557270664,6.190599386990812,6.764242021682129,false,false,false,,,2.24,31
pff-player-35883,Dawson Knox,26.7,TE,21,BUF,13,100.0,7.200000000000003,0.5999999999999943,0,182.51,181,181,4.729609069332207,0.880429062194016,2.9047943967651992,false,false,false,,,2.33,21
pff-player-47294,Hayden Hurst,29.9,TE,22,CAR,7,99.4,6.6000000000000085,0.4000000000000057,0,208.58,182,182,4.311513671563388,3.9368365909645995,4.159198580304222,false,false,false,,,1.53,104
pff-player-45851,Chase Edmonds,27.3,RB,62,TB,5,122.8,14.899999999999991,6.200000000000003,0,240.21,183,183,5.639272971191247,7.443197482107234,5.802211970538017,false,false,false,,,0.79,
pff-player-10669,Hunter Henry,28.6,TE,23,NE,11,77.1,-15.700000000000003,0.29999999999999716,0,229.79,184,184,4.664727516416754,4.248044855559257,4.717817676341128,false,false,false,,,2.03,56
pff-player-57279,Clyde Edwards-Helaire,24.3,RB,63,KC,10,42.5,-65.4,1.7000000000000028,0,208.92,185,185,6.801594151730272,4.615903011488948,5.145778324189823,false,false,false,,,1.01,
pff-player-47809,Marquez Valdes-Scantling,28.8,WR,76,KC,10,104.8,-5.200000000000003,4.0,0,196.12,186,186,1.655958111275446,3.7033302733910607,2.5355380819731193,false,false,false,,,2.36,18
pff-player-84463,Kyle Philips,24.1,WR,77,TEN,7,56.6,-53.4,1.8000000000000043,0,999,187,187,5.651343801027484,6.553001209089166,5.274067380154488,false,false,false,,,1.48,
pff-player-47124,Tyler Conklin,28.0,TE,24,NYJ,7,82.8,-10.0,2.0999999999999943,0,216.56,188,188,1.363612979225045,7.368594111358212,5.065006821327004,false,false,false,,,1.71,95
pff-player-7822,Robert Woods,31.3,WR,78,HST,7,99.5,-10.5,0.5999999999999943,0,230.37,189,189,8.819442551463274,0.0,5.902619152325331,false,false,false,,,1.72,93
pff-player-47509,Hunter Renfrow,27.6,WR,79,LV,13,95.7,-14.299999999999997,0.6000000000000085,0,207.89,190,190,0.7698487352325534,4.858620947972661,2.9428618906731447,false,false,false,,,1.75,90
pff-player-25578,Darius Slayton,26.5,WR,80,NYG,13,65.5,-44.5,0.5,0,235.95,191,191,1.2051834666364916,2.6563233388472436,1.627606630822489,false,false,false,,,2.33,21
pff-player-62942,Ty Chandler,25.2,RB,64,MIN,13,22.2,-85.7,0.5999999999999979,0,237.15,192,192,7.101386457492058,7.150982979729853,7.801996814960516,false,false,false,,,0.33,
pff-player-66619,Pierre Strong Jr.,24.6,RB,65,NE,11,103.9,-4.0,0.8000000000000114,0,234.57,193,193,0.8337409337821098,7.48253319904256,2.2962211493519367,false,false,false,,,1.39,
pff-player-47153,Mike Gesicki,27.8,TE,25,NE,11,85.6,-7.200000000000003,2.799999999999997,0,186.87,194,194,4.664727516416754,4.248044855559257,4.717817676341128,false,false,false,,,2.57,
pff-player-44771,Russell Gage,27.5,WR,81,TB,5,82.3,-27.700000000000003,1.0,0,999,195,195,7.904262357666644,7.0880722459750665,8.170784865429772,false,false,false,,,1.92,72
pff-player-10638,Ezekiel Elliott,28.0,RB,66,DAL,7,0.0,-107.9,0.0,0,180.59,196,196,6.95397604013459,2.47694073734995,4.850904875409947,false,false,false,,,0.71,146
pff-player-57196,Malik Davis,,RB,67,DAL,7,25.9,-82.0,0.7999999999999972,0,237.12,197,197,6.95397604013459,2.47694073734995,4.850904875409947,false,false,false,,,0.71,
pff-player-34001,Ronald Jones,26.0,RB,68,DAL,7,37.3,-70.60000000000001,1.6999999999999957,0,240.76,198,198,6.95397604013459,2.47694073734995,4.850904875409947,false,false,false,,,0.87,
pff-player-97118,Kyren Williams,22.9,RB,69,LA,10,69.5,-38.400000000000006,4.0,0,240.41,199,199,3.9077150859002368,2.8992225995556375,2.223475801741646,false,false,false,,,0.59,
pff-player-11759,Leonard Fournette,28.5,RB,70,TB,5,0.0,-107.9,0.0,0,198.67,200,200,5.639272971191247,7.443197482107234,5.802211970538017,false,false,false,,,0.73,140
pff-player-123072,Zach Evans,22.3,RB,71,LA,10,16.6,-91.30000000000001,2.5000000000000018,0,230.65,201,201,3.9077150859002368,2.8992225995556375,2.223475801741646,false,false,false,,,,
pff-player-77761,Keaontay Ingram,23.7,RB,72,ARZ,14,51.9,-56.00000000000001,5.0,0,240.22,202,202,6.133106965104109,6.116715950443816,6.7762108729602035,false,false,false,,,0.55,
pff-player-45775,Trayveon Williams,25.7,RB,73,CIN,7,103.1,-4.800000000000011,0.19999999999998863,0,240.34,203,203,7.970295324825489,4.605081943215615,6.973633243814575,false,false,false,,,0.88,
pff-player-77787,Chase Brown,23.3,RB,74,CIN,7,20.5,-87.4,3.3000000000000007,0,217.98,204,204,7.970295324825489,4.605081943215615,6.973633243814575,false,false,false,,,,
pff-player-122624,Deuce Vaughn,21.7,RB,75,DAL,7,46.6,-61.300000000000004,0.7000000000000028,0,238.54,205,205,6.95397604013459,2.47694073734995,4.850904875409947,false,false,false,,,,
pff-player-78092,Tyquan Thornton,22.9,WR,82,NE,11,74.4,-35.599999999999994,2.9000000000000057,0,229.78,206,206,1.811345952479316,0.7258796808205913,1.1390075293675583,false,false,false,,,2.21,
pff-player-12271,Matt Breida,28.4,RB,76,NYG,13,71.7,-36.2,2.200000000000003,0,240.66,207,207,1.6997601795811323,3.4308697540014483,0.5177641440543885,false,false,false,,,0.67,
pff-player-97302,Evan Hull,22.7,RB,77,IND,11,4.8,-103.10000000000001,2.3,0,239.54,208,208,5.630492739627587,4.705534494605358,5.834165728509922,false,false,false,,,,
pff-player-11760,Corey Davis,28.5,WR,83,NYJ,7,69.4,-40.599999999999994,3.200000000000003,0,239.07,209,209,0.7389270092966703,2.195764174578082,0.9644484732602486,false,false,false,,,2.55,
pff-player-7014,Ryan Tannehill,35.0,QB,25,TEN,7,227.0,-23.900000000000006,15.900000000000006,0,216.75,210,210,5.012234243085109,6.898996893597546,4.595840952539918,false,false,false,0.45,16,,
pff-player-60509,Jelani Woods,24.8,TE,26,IND,11,74.3,-18.5,4.200000000000003,0,226.23,211,211,3.671393717020401,4.263791103196671,4.710178148664487,false,false,false,,,2.47,
pff-player-97599,Sam Howell,22.8,QB,26,WAS,14,250.9,0.0,0.4000000000000057,0,208.95,212,212,3.3344984183759507,6.352939375917721,4.488496306873154,false,false,false,0.77,,,
pff-player-122832,Josh Downs,21.9,WR,84,IND,11,33.1,-76.9,0.3999999999999986,0,232.36,213,213,6.30720557270664,6.190599386990812,6.764242021682129,false,false,false,,,,
pff-player-8697,Jimmy Garoppolo,31.7,QB,27,LV,13,241.5,-9.400000000000006,2.1999999999999886,0,212.46,214,214,0.737179040239482,2.9986722525024128,2.107194382514569,false,false,false,0.53,9,,
pff-player-42683,Mecole Hardman Jr.,25.4,WR,85,NYJ,7,90.1,-19.900000000000006,0.8999999999999915,0,236.61,215,215,0.7389270092966703,2.195764174578082,0.9644484732602486,false,false,false,,,2.8,
pff-player-84140,Khalil Shakir,23.5,WR,86,BUF,13,59.6,-50.4,0.6000000000000014,0,229.8,216,216,0.0,0.7023321211786095,0.0,false,false,false,,,2.71,
pff-player-42312,Chase Claypool,25.0,WR,87,CHI,13,75.2,-34.8,0.10000000000000853,0,219.26,217,217,2.3087376232543675,1.723218096643902,2.3727666944867782,false,false,false,,,1.45,108
pff-player-47940,Parris Campbell,26.0,WR,88,NYG,13,80.0,-30.0,0.09999999999999432,0,208.05,218,218,1.2051834666364916,2.6563233388472436,1.627606630822489,false,false,false,,,1.73,91
pff-player-122906,Michael Mayer,22.0,TE,27,LV,13,78.4,-14.399999999999991,1.3000000000000114,0,220.22,219,219,2.9745465985851984,2.6839168305215795,3.565546027946155,false,false,false,,,,
pff-player-38334,Kyler Murray,25.9,QB,28,ARZ,14,171.0,-79.9,107.7,0,169.76,220,220,3.4386396442627287,2.570391845222328,3.4605669368060172,false,false,false,0.46,15,,
pff-player-9527,Ty Montgomery,30.5,RB,78,NE,11,45.9,-62.00000000000001,1.1999999999999957,0,240.82,221,221,0.8337409337821098,7.48253319904256,2.2962211493519367,false,false,false,,,1.76,
pff-player-60323,Mac Jones,24.9,QB,29,NE,11,235.8,-15.099999999999994,0.8000000000000114,0,211.18,222,222,4.512336524957074,2.3427139139654956,2.816417931997961,false,false,false,0.37,29,,
pff-player-11873,Mack Hollins,29.8,WR,89,ATL,11,79.9,-30.099999999999994,3.200000000000003,0,240.37,223,223,4.378030271993832,8.01074200937573,5.340376269303545,false,false,false,,,2.07,48
pff-player-75916,Trey McBride,23.7,TE,28,ARZ,14,66.2,-26.599999999999994,8.400000000000006,0,206.31,224,224,3.421540048739657,2.5764783207080826,4.110221493505514,false,false,false,,,1.62,
pff-player-129759,C.J. Stroud,21.8,QB,30,HST,7,211.1,-39.80000000000001,13.799999999999983,0,197.79,225,225,8.158782744921547,1.7234642182151894,4.434081411289511,false,false,false,,,,
pff-player-84271,Terrace Marshall Jr.,23.1,WR,90,CAR,7,76.7,-33.3,1.5,0,229.92,226,226,8.573270928472038,5.073020459559431,7.756468036131916,false,false,false,,,2.46,
pff-player-42388,Noah Fant,25.7,TE,29,SEA,5,75.2,-17.599999999999994,0.9000000000000057,0,226.38,227,227,6.033314475351209,0.0,3.357264944368698,false,false,false,,,1.95,67
pff-player-62979,Joshua Palmer,23.8,WR,91,LAC,5,53.1,-56.9,2.200000000000003,0,999,228,228,3.881508309373344,4.0737474985355675,4.467060087535381,false,false,false,,,1.8,86
pff-player-8696,Allen Robinson II,29.9,WR,92,PIT,6,75.1,-34.900000000000006,0.19999999999998863,0,230.26,229,229,1.9590312770799025,9.499356502489402,5.49027319125541,false,false,false,,,2.07,48
pff-player-8755,Logan Thomas,32.0,TE,30,WAS,14,80.7,-12.099999999999994,0.29999999999999716,0,238.27,230,230,2.181906022371279,7.574270199656542,5.173134349817251,false,false,false,,,1.48,106
pff-player-97400,John Metchie III,23.0,WR,93,HST,7,83.5,-26.5,0.9000000000000057,0,216.0,231,231,8.819442551463274,0.0,5.902619152325331,false,false,false,,,,
pff-player-12112,Taysom Hill,32.9,TE,31,NO,11,76.8,-16.0,1.5999999999999943,0,240.11,232,232,6.424447963798199,10.0,10.0,false,false,false,,,1.18,113
pff-player-98499,Luke Musgrave,22.9,TE,32,GB,6,67.8,-25.0,1.5999999999999943,0,236.52,233,233,10.0,4.568076774765894,8.637873747615254,false,false,false,,,,
pff-player-84423,Michael Wilson,23.4,WR,94,ARZ,14,57.3,-52.7,0.19999999999999574,0,237.54,234,234,2.7462156278154444,6.834225462952147,4.440140168650018,false,false,false,,,,
pff-player-78874,Tank Dell,23.7,WR,95,HST,7,57.1,-52.9,0.30000000000000426,0,240.39,235,235,8.819442551463274,0.0,5.902619152325331,false,false,false,,,,
pff-player-101735,Wan'Dale Robinson,22.5,WR,96,NYG,13,35.5,-74.5,0.10000000000000142,0,224.97,236,236,1.2051834666364916,2.6563233388472436,1.627606630822489,false,false,false,,,1.6,
pff-player-12270,Kendrick Bourne,28.0,WR,97,NE,11,70.0,-40.0,0.5999999999999943,0,240.9,237,237,1.811345952479316,0.7258796808205913,1.1390075293675583,false,false,false,,,1.73,91
pff-player-7158,Marvin Jones Jr.,33.4,WR,98,DET,9,88.2,-21.799999999999997,4.1000000000000085,0,239.7,238,238,5.527739842670786,9.221127750996086,6.920742571942475,false,false,false,,,2.04,52
pff-player-61081,Jake Ferguson,24.5,TE,33,DAL,7,70.1,-22.700000000000003,0.0,0,230.83,239,239,6.049842062556662,3.0747980986484977,5.45644859409157,false,false,false,,,2.05,
pff-player-11872,Josh Reynolds,28.4,WR,99,DET,9,59.8,-50.2,0.19999999999999574,0,240.78,240,240,5.527739842670786,9.221127750996086,6.920742571942475,false,false,false,,,2.23,33
pff-player-77965,Tutu Atwell,23.8,WR,100,LA,10,83.8,-26.200000000000003,0.29999999999999716,0,240.8,241,241,4.349352242023368,2.063556758808755,3.4942231252643365,false,false,false,,,2.01,
pff-player-42237,Greg Dortch,25.1,WR,101,ARZ,14,54.8,-55.2,1.0999999999999943,0,239.36,242,242,2.7462156278154444,6.834225462952147,4.440140168650018,false,false,false,,,1.5,105
pff-player-27948,Ben Skowronek,26.1,WR,102,LA,10,80.6,-29.400000000000006,0.5999999999999943,0,999,243,243,4.349352242023368,2.063556758808755,3.4942231252643365,false,false,false,,,1.62,100
pff-player-84434,Cedric Tillman,23.2,WR,103,CLV,5,0.0,-110.0,0.0,0,240.39,244,244,6.484072257183707,7.0880438671117005,7.492527612107289,false,false,false,,,,
pff-player-47961,Braxton Berrios,27.8,WR,104,MIA,10,47.3,-62.7,0.5,0,999,245,245,1.4039324727300115,0.6772855345471107,1.729890472170907,false,false,false,,,1.65,
pff-player-28991,Richie James,27.9,WR,105,KC,10,21.4,-88.6,1.2999999999999972,0,229.38,246,246,1.655958111275446,3.7033302733910607,2.5355380819731193,false,false,false,,,1.86,81
pff-player-61071,Cade Otton,24.3,TE,34,TB,5,70.1,-22.700000000000003,1.0999999999999943,0,236.22,247,247,3.4326035853756394,7.6684023653737015,5.726422929078171,false,false,false,,,1.72,93
pff-player-47861,Nick Westbrook-Ikhine,26.3,WR,106,TEN,7,71.4,-38.599999999999994,1.4000000000000057,0,240.99,248,248,5.651343801027484,6.553001209089166,5.274067380154488,false,false,false,,,2.81,
pff-player-48027,Jauan Jennings,26.0,WR,107,SF,9,71.5,-38.5,0.09999999999999432,0,999,249,249,5.0102914321157845,5.8133700227788365,5.514137352449816,false,false,false,,,1.86,81
pff-player-55086,Desmond Ridder,23.9,QB,31,ATL,11,237.0,-13.900000000000006,1.1999999999999886,0,221.63,250,250,5.648149305284954,6.854036026067723,5.953317845689391,false,false,false,0.31,,,
pff-player-25582,JaMycal Hasty,26.8,RB,79,JAX,9,0.0,-107.9,0.0,0,240.99,251,251,4.779310561030844,4.545099314734685,4.1236523875737525,false,false,false,,,0.91,
pff-player-10674,Sterling Shepard,30.4,WR,108,NYG,13,57.7,-52.3,0.4000000000000057,0,240.86,252,252,1.2051834666364916,2.6563233388472436,1.627606630822489,false,false,false,,,2.15,
pff-player-124282,Jalin Hyatt,21.8,WR,109,NYG,13,35.4,-74.6,1.2999999999999972,0,221.57,253,253,1.2051834666364916,2.6563233388472436,1.627606630822489,false,false,false,,,,
pff-player-45866,Ke'Shawn Vaughn,26.2,RB,80,TB,5,42.8,-65.10000000000001,0.29999999999999716,0,240.64,254,254,5.639272971191247,7.443197482107234,5.802211970538017,false,false,false,,,0.43,
pff-player-40006,Devin Duvernay,25.8,WR,110,BLT,13,31.0,-79.0,1.0,0,999,255,255,2.4215307857260813,6.628011094037438,4.058586290788708,false,false,false,,,1.87,78
pff-player-46518,Baker Mayfield,28.3,QB,32,TB,5,197.3,-53.599999999999994,26.30000000000001,0,234.26,256,256,6.053689549617943,7.228315295390328,6.183411612342136,false,false,false,0.34,35,,
pff-player-61664,Quez Watkins,25.1,WR,111,PHI,10,46.8,-63.2,0.09999999999999432,0,240.85,257,257,3.6690848553464224,4.610049937005856,4.461796948850498,false,false,false,,,1.94,68
pff-player-91470,Deonte Harty,25.6,WR,112,BUF,13,59.0,-51.0,1.2999999999999972,0,240.43,258,258,0.0,0.7023321211786095,0.0,false,false,false,,,1.15,
pff-player-57385,Raheem Blackshear,,RB,81,CAR,7,31.5,-76.4,0.3999999999999986,0,999,259,259,3.733223443665627,6.154544828215891,3.917825606314703,false,false,false,,,1.21,
pff-player-100632,Puka Nacua,22.1,WR,113,LA,10,18.7,-91.3,1.0,0,240.47,260,260,4.349352242023368,2.063556758808755,3.4942231252643365,false,false,false,,,,
pff-player-7816,Zach Ertz,32.7,TE,35,ARZ,14,54.7,-38.099999999999994,1.6000000000000014,0,233.64,261,261,3.421540048739657,2.5764783207080826,4.110221493505514,false,false,false,,,1.87,78
pff-player-83955,Isaiah Likely,23.2,TE,36,BLT,13,53.0,-39.8,4.5,0,231.84,262,262,4.907998186454589,7.226720436586347,6.962795001699661,false,false,false,,,2.04,52
pff-player-11841,Kareem Hunt,28.0,RB,82,CLV,5,0.0,-107.9,0.0,0,203.33,263,263,4.916635605577504,10.0,7.930839162963327,false,false,false,,,0.69,148
pff-player-99146,Isaiah Spiller,21.9,RB,83,LAC,5,34.7,-73.2,0.9000000000000057,0,240.59,264,264,2.9913269301691843,4.51226843265273,1.2981915331784593,false,false,false,,,0.33,
pff-player-11927,Isaiah McKenzie,28.3,WR,114,IND,11,79.9,-30.099999999999994,0.0,0,240.87,265,265,6.30720557270664,6.190599386990812,6.764242021682129,false,false,false,,,1.94,68
pff-player-122999,Israel Abanikanda,20.8,RB,84,NYJ,7,0.0,-107.9,0.0,0,238.25,266,266,3.6615259703308256,6.092035143761939,5.481132209074872,false,false,false,,,,
pff-player-61220,Laviska Shenault Jr.,24.8,WR,115,CAR,7,46.7,-63.3,1.9000000000000057,0,240.98,267,267,8.573270928472038,5.073020459559431,7.756468036131916,false,false,false,,,1.64,
pff-player-11920,Jamal Agnew,28.3,WR,116,JAX,9,32.5,-77.5,0.29999999999999716,0,999,268,268,5.774137124119907,3.008791143753193,4.967827575161238,false,false,false,,,1.62,
pff-player-45734,D'Ernest Johnson,27.4,RB,85,JAX,9,23.0,-84.9,0.8000000000000007,0,240.73,269,269,4.779310561030844,4.545099314734685,4.1236523875737525,false,false,false,,,0.56,
pff-player-97432,Zonovan Knight,22.3,RB,86,NYJ,7,79.7,-28.200000000000003,3.6000000000000085,0,240.72,270,270,3.6615259703308256,6.092035143761939,5.481132209074872,false,false,false,,,0.54,
pff-player-40341,Zack Moss,25.6,RB,87,IND,11,38.2,-69.7,0.9000000000000057,0,239.9,271,271,5.630492739627587,4.705534494605358,5.834165728509922,false,false,false,,,0.59,162
pff-player-11993,Noah Brown,27.5,WR,117,HST,7,3.0,-107.0,1.5,0,999,272,272,8.819442551463274,0.0,5.902619152325331,false,false,false,,,2.21,34
pff-player-61418,Calvin Austin III,24.3,WR,118,PIT,6,27.8,-82.2,0.5,0,240.98,273,273,1.9590312770799025,9.499356502489402,5.49027319125541,false,false,false,,,,
pff-player-5609,Colt McCoy,36.9,QB,33,ARZ,14,61.1,-189.8,17.300000000000004,0,240.65,274,274,3.4386396442627287,2.570391845222328,3.4605669368060172,false,false,false,0.23,,,
pff-player-10760,Demarcus Robinson,28.8,WR,119,LA,10,0.0,-110.0,0.0,0,999,275,275,4.349352242023368,2.063556758808755,3.4942231252643365,false,false,false,,,1.7,96
pff-player-10715,Austin Hooper,28.7,TE,37,LV,13,69.0,-23.799999999999997,1.2000000000000028,0,240.83,276,276,2.9745465985851984,2.6839168305215795,3.565546027946155,false,false,false,,,1.88,77
pff-player-9453,Nelson Agholor,30.2,WR,120,BLT,13,26.7,-83.3,0.6999999999999993,0,240.95,277,277,2.4215307857260813,6.628011094037438,4.058586290788708,false,false,false,,,2.05,
pff-player-44920,Olamide Zaccheaus,26.0,WR,121,PHI,10,44.8,-65.2,1.3999999999999986,0,240.62,278,278,3.6690848553464224,4.610049937005856,4.461796948850498,false,false,false,,,2.19,39
pff-player-12303,Zach Pascal,28.6,WR,122,ARZ,14,50.9,-59.1,1.1000000000000014,0,999,279,279,2.7462156278154444,6.834225462952147,4.440140168650018,false,false,false,,,1.78,
pff-player-57189,Deon Jackson,24.4,RB,88,IND,11,56.5,-51.400000000000006,1.6000000000000014,0,239.63,280,280,5.630492739627587,4.705534494605358,5.834165728509922,false,false,false,,,0.73,
pff-player-39987,Kyle Trask,25.4,QB,34,TB,5,63.3,-187.60000000000002,2.1999999999999957,0,240.23,281,281,6.053689549617943,7.228315295390328,6.183411612342136,false,false,false,0.1,,,
pff-player-10725,Jacoby Brissett,30.6,QB,35,WAS,14,19.4,-231.5,1.0,0,240.28,282,282,3.3344984183759507,6.352939375917721,4.488496306873154,false,false,false,0.44,18,,
pff-player-99141,Kevin Harris,22.7,RB,89,NE,11,0.0,-107.9,0.0,0,999,283,283,0.8337409337821098,7.48253319904256,2.2962211493519367,false,false,false,,,0.62,
pff-player-78021,Justyn Ross,23.6,WR,123,KC,10,0.0,-110.0,0.0,0,233.89,284,284,1.655958111275446,3.7033302733910607,2.5355380819731193,false,false,false,,,,
pff-player-30762,Will Dissly,27.0,TE,38,SEA,5,53.1,-39.699999999999996,0.10000000000000142,0,240.96,285,285,6.033314475351209,0.0,3.357264944368698,false,false,false,,,2.06,50
pff-player-60396,Bailey Zappe,24.2,QB,36,NE,11,20.2,-230.70000000000002,0.3999999999999986,0,999,286,286,4.512336524957074,2.3427139139654956,2.816417931997961,false,false,false,0.49,,,
pff-player-11028,Kalif Raymond,28.9,WR,124,DET,9,41.3,-68.7,0.3999999999999986,0,999,287,287,5.527739842670786,9.221127750996086,6.920742571942475,false,false,false,,,1.64,99
pff-player-7962,Latavius Murray,33.5,RB,90,BUF,13,14.1,-93.80000000000001,0.9000000000000004,0,239.8,288,288,3.218474389382502,4.5764207510287545,2.6024538942725157,false,false,false,,,0.69,148
pff-player-25276,Samori Toure,,WR,125,GB,6,40.1,-69.9,0.20000000000000284,0,999,289,289,6.339883323571921,6.729194540756663,7.199408768478791,false,false,false,,,3.34,
pff-player-60878,Noah Gray,24.2,TE,39,KC,10,57.8,-35.0,3.0999999999999943,0,240.77,290,290,6.97517847487928,4.860656636020746,5.413057442540619,false,false,false,,,1.93,
pff-player-12253,Corey Clement,28.7,RB,91,ARZ,14,74.0,-33.900000000000006,2.299999999999997,0,999,291,291,6.133106965104109,6.116715950443816,6.7762108729602035,false,false,false,,,0.97,
pff-player-47257,Durham Smythe,27.9,TE,40,MIA,10,47.9,-44.9,4.0,0,999,292,292,4.336354291257794,2.5913311623578412,3.1532228555603066,false,false,false,,,1.91,
pff-player-46453,Mike White,28.3,QB,37,MIA,10,21.4,-229.5,0.0,0,240.0,293,293,4.588837814774119,1.978515975711598,3.0982202625794426,false,false,false,0.34,,,
pff-player-84005,Luke Schoonmaker,24.8,TE,41,DAL,7,42.3,-50.5,1.5,0,240.97,294,294,6.049842062556662,3.0747980986484977,5.45644859409157,false,false,false,,,,
pff-player-55038,Charlie Jones,24.7,WR,126,CIN,7,13.1,-96.9,0.5,0,999,295,295,3.7304089462954275,10.0,7.172131790429969,false,false,false,,,,
pff-player-101106,Tre Tucker,22.4,WR,127,LV,13,-0.4,-110.4,0.4,0,999,296,296,0.7698487352325534,4.858620947972661,2.9428618906731447,false,false,false,,,,
pff-player-9896,Taylor Heinicke,30.3,QB,38,ATL,11,18.4,-232.5,0.0,0,999,297,297,5.648149305284954,6.854036026067723,5.953317845689391,false,false,false,0.45,16,,
pff-player-29573,D'Wayne Eskridge,26.3,WR,128,SEA,5,15.7,-94.3,1.0,0,999,298,298,4.223738172807854,4.057503561419673,4.561261843582999,false,false,false,,,1.14,
pff-player-91399,Trey Lance,23.2,QB,39,SF,9,0.0,-250.9,0.0,0,228.69,299,299,4.693373722142107,4.093026211575585,4.060926951266135,false,false,false,0.36,,,
pff-player-11855,Jonnu Smith,27.9,TE,42,ATL,11,32.8,-60.0,0.5999999999999943,0,999,300,300,6.086877391423147,6.531942647442196,7.82800768429195,false,false,false,,,1.38,
pff-player-40573,Velus Jones Jr.,26.2,WR,129,CHI,13,22.7,-87.3,1.3000000000000007,0,999,301,301,2.3087376232543675,1.723218096643902,2.3727666944867782,false,false,false,,,2.29,
pff-player-83542,Will Levis,24.1,QB,40,TEN,7,20.2,-230.70000000000002,0.0,0,240.3,302,302,5.012234243085109,6.898996893597546,4.595840952539918,false,false,false,,,,
pff-player-99711,Dontayvion Wicks,22.1,WR,130,GB,6,74.9,-35.099999999999994,0.5,0,999,303,303,6.339883323571921,6.729194540756663,7.199408768478791,false,false,false,,,,
pff-player-27303,Chris Evans,25.8,RB,92,CIN,7,0.0,-107.9,0.0,0,999,304,304,7.970295324825489,4.605081943215615,6.973633243814575,false,false,false,,,3.77,
pff-player-46448,Tyler Huntley,25.5,QB,41,BLT,13,20.6,-230.3,0.40000000000000213,0,240.89,305,305,3.916821494392935,7.05580409902165,5.205763294808453,false,false,false,0.38,,,
pff-player-84041,Daniel Bellinger,22.8,TE,43,NYG,13,28.6,-64.19999999999999,1.0,0,240.91,306,306,1.0736571342271628,2.1591916539338225,0.8362356721481952,false,false,false,,,1.94,
pff-player-40547,Kene Nwangwu,25.4,RB,93,MIN,13,65.4,-42.5,3.4000000000000057,0,240.89,307,307,7.101386457492058,7.150982979729853,7.801996814960516,false,false,false,,,0.41,